Name,General Info/biography,Date of birth,Date of death,Deceased/alive,Origin,Main Activity
Bethwell Ogot,"Kenyan historian, academic and writer. Educated at Makerere College, University of St Andrews and the School of Oriental and African Studies, University of London. Upon his return to Kenya, he worked throughout the 1960s and 70s at both Makerere University (lecturer) and the University of Nairobi (Head of History Department). Served as Secretary General of the East African Insitute for Social and Cultural Affairs, as editor of East Africa Journal, as treasurer of the East African Academy, and as Chair of Board of Directors of the East African Publishing House. Notable works in this period include History of the Southern Luo, A Place to Feel at Home (co-authored wtih F. B. Welbourn), and Zamani: A Survey of East African History (co-edited with J. A. Kieran).",1929,,Alive,"Gem, Kenya",Historian
Sam Ntiro,"Margaret Trowell School of Fine Art; 1963 - Tanzanian High Commissioner to London; In July 1968, was Tz Commissioner for Culture",1923,1993,Deceased,"Kilimanjaro, Tanganyika","Artist, diplomat, writer"
Mathias E. Mnyampala,Poet,1917,1969,Deceased,,Poet; Swahili scholar
Sheikh Amri Abedi,"First African mayor of DSM, Minister for Community Development and National Culture at time of death. Proposal to set up Swahili prize in his honour (Daily Nation 1964).",1924,1964,Deceased,Tanganyika,Poet; Swahili scholar; politician
Shaaban Robert,"Swahili poet, essayist, novelist and intellectual, known for his didactic tales that experimented with narrative form, taking inspiration traditional Swahili verse.",1909,1962,Deceased,"Vibamba, Tanga, Tanganyika",Poet; Swahili scholar; writer
Benjamin Mkapa,"Editor of The Nationalist, Managing editor daily news, sunday news, then became Nyerere's Press Secretary, then Foreign Minister, from 1995-2005 President",1938,2020,Deceased,"Lupaso, Tanganyika","Journalist, politician"
Francis Khamisi,"Journalist and politician, worked with Oscar Watkins on Baraza, then set up other publications, political career focused on Coast region, before returning to edit Baraza 1961. East African regionalism - visit to Tanganyika early 40s. Presenter of 'Ubingwa wa Lugha' 1964/65. Attanded several PAFMECA conferences as representative for Mombasa African Democratic Union.",1913,2000,Deceased,Mombasa,Journalist; politician
Thomas Marealle,"Paramount chief of Chagga 1950s, 1960s - UN food and agriculture organisation",1915,2007,Deceased,Tanganyika,Paramount chief
,,,,,,
Elimo Njau,Artist and founder of Paa ya Paa Gallery in Nairobi,1930,,Alive,"Kilimanjaro, Tanganyika",Artist
Rebecca Njau,"One of Kenya's first women playwrights.  Notable works: The Scar (play), Ripples in the Pool (novel). Studied at Makerere College and attended the African Writers Conference in June 1962. Was married to Tanzanian visual artist Elimo Njau, with whom she ran Paa ya Paa Gallery in Nairobi during the 1960s and 1970s. ",1932,,Alive,"Kiambu, Kenya",Writer; teacher
Elvania Namukwaya Zirimu,"Ugandan playwright and dramaturgue. Founder of Ugandan theatre company Ngoma Players. Notable works include Keeping Up with the Mukasas, When the Hunchback Made Rain, and Snoring Strangers. Studied at Makerere University and was a regular contributor to Dhana. Married to academic and linguist Pio Zirimu.",1938,1979,Deceased,"Bussi Island, Uganda",Playwright; dramaturgue; poet
Micere Mugo ,"Kenyan author, poet, playwright and academic. Studied at Makerere College and contributed to Penpoint. Political activist, fled Kenya in 1982, lived in Zimbabwe and later USA in exile. Notable works include Daughter of my People, Sing! (poetry collection), My Mother's Song and Other Poems (poetry collection), The Long Illness of Ex-Chief Kiti (play), and The Trial of Dedan Kimathi (play, co-authored with Ngũgĩ wa Thiong'o)",1942,,Alive,Kenya,Author; poet; playwright; academic
Barbara Kimenye,"Ugandan author and journalist. Wrote for Daily Nation as Uganda's first Black woman journalist. Notable works include Kalasanda, Kalasanda Revisited, Moses series, Gemstone Affair, and Beauty Queen.",1929,2012,Deceased,"British-born, of Haitian and English descent",Author; journalist
Grace Ogot,"Kenyan author, nurse, journalist, politician and women's activist. Worked for the BBC, represented Kenya to the UN, and was elected MP. Notable works include The Promised Land (novel), Land Without Thunder (short story collection), The Other Woman (short story collection), Miaha (novel - translated in English as The Strange Bride). She was on the editorial board of Busara, and contributed to magazines including Transition and East Africa Journal. Married to academic and historian Bethwel Ogot",1949,2015,Deceased,"Asembo, Kenya",Author; nurse; journalist; politician; diplomat
Marjorie Macgoye,"Kenyan author of British heritage. Notable works include Murder in Majengo (novel), Coming To Birth (novel), Victoria (novel), and Song of Nyarloka and other Poems (poetry collection).",1928,2015,Deceased,"Southampton, Britain",Writer
Rhoda Kalema,"Ugandan politician and civil society leader. Worked as a social worker and minister, active member of Uganda Council for Women",1929,,Alive,"Kampala, Uganda",Politician
Florence Lubega,"One of Uganda's first African women politicians to serve on the Legislative Council (LEGCO), and first woman MP. Lobbied for girls' education to the LEGCO.",1917,2021,Deceased,Uganda,Politician
Joyce Mpanga,"One of Uganda's first African women politicians to serve on the LEGCO, later elected to parliament as part of Obote's first coalition government. Fled Uganda after 1966 Mengo crisis, returned in 1972. Remained active in education and politics, champion for girls' and women's rights.",1935,,Alive,"Mityana, Uganda",Politician
Rebecca Mulira,"Ugandan civil society and women's rights activist. Founded Uganda branch of YWCA. Active with Uganda Council for Women, young wives group, and Kampala City Council.",1920,2002,Deceased,"Kampala, Uganda",Civil society activist
Rose Mbowa,"Ugandan writer, actress and dramaturgue. Studied at Makerere College and contributed to Penpoint. Notable works include Ruin (poem), That Game (poem) and Mother Uganda and her Children. Starred as Mother Courage in Nalukalala, Ugandan rendition of Berthold Brecht's Mother Courage and her Children. Later Head of Department for Makerere's Department for Music, Dance and Drama. Actively promoted 'theatre for development' in rural Uganda",1942,1999,Deceased,"Kampala, Uganda",Writer; actress; dramaturgue
Pumla Kisosonkole,"Ugandan politician, of South African heritage. First African woman on the Ugandan LEGCO, first African president of Ugandan Council for Women, president of the International Council of Women. Also represeted Uganda to UN.",1911,1997,Deceased,South Africa,Politician; diplomat
Noah Sempira,Director of East African Literature Bureau,NaN,NaN,NaN,NaN,NaN
Reuben Olembo,Kenyan scientist; participated in Tom Mboya's airlifts,1937,2005,Deceased,,Scientist
Wilbert Chagula,"Tanzanian academic, politician and diplomat. Served as President/Chairman of East African Academy between 1963 and77; as Governor of East African Institute of Social and Cultural Affairs; and as Principal of University College Dar es Salaam. Later worked as Minister in the Tanzanian government from 1970, and in 1972 was Minister for Water Development and Power.",1926,1994,Deceased,"Mondo, Shinyanga, Tanganyika",Academic
Sayed Abidi,"Director of East African School of Librarianship, arrived in Uganda from India 1971, still living in Kampala",NaN,,Alive,NaN,NaN
Kassim Guruli,"Tanzanian Marxist economist, trained in the GDR. See Eric Burton, 'A Marxist-Leninist Tanzanian Economist', International Journal of African Historical Studies (2021). ",NaN,NaN,,"Tabora, Tanganyika","Economist, adacemic"
Boloki Chango Machyo,Formally trained in land surveying; central to East African anti-colonial activism in early 1960s London; interested in socialist development economics; worked for Makerere's adult education programme post-independence. ,1927,2013,Deceased,"Busia, Uganda","Economist, academic. See https://globaleastafrica.org/global-lives/boloki-chango-machyo-w%E2%80%99obanda-1927-2013 "
Taban lo Liyong,"Ugandan poet, academic and writer. Worked at the University of Nairobi, and was part of the move to abolish the English Department",1939,,Alive,"Kajo Keji, South Sudan",Writer; academic
Kirunda Kivejinja,"Most recently advisor to Museveni, but early career in publishing and activism. Worked with Uganda Publishing House and Milton Obote Foundation",1935,2020,Deceased,NaN,Politician
Josephine Moraa Moikobu,Part of Tom Mboya's airlifts,1942,2015,Deceased,NaN,Academic
Hilary Ng'weno,"Harvard graduate; part of Tom Mboya's airlifts; first African editor of Daily Nation February 1962, resigned 1965; founded Joe magazine in 1973; founder & editor of Weekly Review",1938,2021,Deceased,"Nairobi, Kenya",Journalist
Philip Ochieng,"One of the most prolific journalists in East Africa; worked for major newspapers in Kenya (Nation), Uganda (Sunday Times), and Tanzania (Standard). Recieved his education in France, the USA and the GDR.",1938,2021,Deceased,"Awendo, Migori County, Kenya",Journalist
George Githii,"Kenyatta's press secretary, replaced Ng'weno as editor of Daily Nation 1965, 1968 resigned to go to Oxford for degree course, returned to edit after Boaz Omori's death in 1972. Resigned 1977.",NaN,NaN,NaN,NaN,Journalist
Arthur Ochwada,"Kenyan trade unionist and founding member of KANU party. Best known as an MP and assistant minister from 1969 to 1974. Founder of the Trade Union Congress of Kenya, and frequent rival of Tom Mboya.",1926,2013,Deceased,"Samia, Kenya",Trade unionist
Hilda Otieno,,,,,,
Wangari Maathai,"Kenyan environmental and women's rights activist. One of the few women part of Tom Mboya's airlifts to the United States, educated at Mount St. Scholastic College. Founder of the Green Belt Movement, fought for women's economic, social and political rights.",1940,2011,Deceased,"Ihithe, Kenya",Environmentalist
Tom Mboya,"Kenyan politician and trade unionist. Founding member of KANU party, contributed to trade union movement across East Africa. Served as Chairman of All-African People's Conference. Worked with John F. Kennedy to organise airlifts for students (e.g. Wangari Maathai and Barack Obama Sr.) from Kenya to the United States to receive higher education in the US. He was assassinated in 1969 at the age of 39.",1930,1969,Deceased,Kenya,Politician; trade unionist
Kariuki Njiiri,,NaN,1975,Deceased,Kenya,
Mak'Anyengo,Kenyan politician and trade unionist. Beneficiary of the Tom Mboya airlifts.,1930,1990,Deceased,"South Nyanza, Kenya",Politician; trade unionist
Okelo-Odongo,,,,,,
Eli Kyeyune,"Ugandan painter. Educated at Makerere School of Fine Arts, and later joined the Chemchemi Cultural Centre in Nairobi.",1936,2000,Deceased,Uganda,Artist
Ali Mazrui,"Academic, writer and public intellectual.  Despite being unsuccesful in effort to attend Makerere as a student, later returned to great effect as an academic.  He left East Africa for the United States and a highly successful academic career in 1974.",1933,2014,Deceased,"Mombasa, Kenya",Author; academic
John Nagenda,"Ugandan writer, politician and cricketer. Educated at Makerere. Lived in exile in the UK in the 1970s and 80s, before returning to Uganda in 1986.",1938,2023,Deceased,Uganda,Writer; politician; cricketer
Peter Nazareth,"Asian-Ugandan writer. Educated at Makerere College, University of London and University of Leeds. Emigrated from Uganda to the United States in 1973.",1940,,Alive,Uganda,Writer
Bahadur Tejani,"Asian-Kenyan writer and academic. Educated at Makerere College, Cambridge University and University of Nairobi.",1942,,Alive,Kenya,Writer; academic
Rajat Neogy,Asian-Ugandan journalist and founder of Transition magazine. ,1938,1995,Deceased,Uganda,Journalist
Ngũgĩ wa Thiong'o,"Kenyan novelist, academic and activist. Studied at Makerere University (1963) and University of Leeds (1964). Worked as a lecturer at the University of Nairobi, part of the movement to abolish the English Department. Imprisoned for sedition in 1977, later forced into exile. Notable works include The River Between (novel), Weep Not Child (novel), I Will Marry When I Want (play), The Black Hermit (play)",1938,,Alive,"Kiambu, Kenya",Author; academic
Okot p'Bitek,"Ugandan writer and academic. Educated at University of Bristol, University College of Wales at Aberystwyth and University of Oxford. Later worked at Makerere College. Notable works include Song of Lawino, Song of Ocol and Two Songs.",1931,1982,Deceased,"Gulu, Uganda",Writer; academic
Walter Rodney,"1968 - exclusion order against him in Jamaica. Lecturer UDSM 1970 to at least 1975, How Europe Underdeveloped AFrica published 1973 by Bogie-L’Ouverture Publications and  Tanzania Publishing House. Articles in Sunday News in 1970 provoked protest Notes from British envoy.",1942,1980,Deceased,Guyana,Writer; activist
Boaz Omori,"Educated at Maseno, Alliance. 1954, Reporter, then Sub Editor for Baraza newspaper, column 'Panapo Moshi', 1959, to Taifa Leo, sub editor then Editor of Taifa Leo 1962. Early 1963 appointed eidtor in chief nation group, then First African chief Editor of Kenya broadcasting corporation from Jan 1964 - in this role in 1966. News Editor VOK. Became editor in chief of nation group in 1968. Died 1972 - editor in chief of Nation Group, appointed to IPI executive board. 1966 - Visit to India as News Editor VOK with Francis Khamisi and Walter Nyawanda.",1933,1972,Deceased,Kenya,Journalist
Sheikh Hyder el-Kindy,Sauti ya Mvita - 1952. Secretary of History Sub-Committee of East African Swahili Committee. 1967 was President of Kenya Swahili Council,,,,,
,,,,,,
Milton Obote,Prime Minister & President of Uganda; student at Makerere,1925,2005,Deceased,"Apac, Uganda",Politician
,,,,,,
Ebrahim Hussein,"Tanzanian playwright and poet; studied in East Germany. Author of Kinjeketile (1969) and other works. 1970 was Lecturer in Theatre Arts, University College DSM",1943,,,,
Abu Mayanja,"Intellectual and politician, famous for his role in crafting independent Uganda's constitution, for his volte-face from nationalism to monarchism, and for his imprisonment following his 1968 article in Transition critical of Obote's government.",1929,2005,Deceased,Uganda,Politician
Kanyama Chiume,"Politician and activist, born in colonial Nyasaland, but spent much of his life in Tanganyika and then in independent Tanzania, exiled from Malawi by Hastings Banda",1929,2007,Deceased,,
Shihabuddin Chiraghdin,"Swahili scholar, member East African Swahili Committee (and of History Committee of the East African Swahili Committee), attended Peking Scientific Symposium 1964 representing East African Academy, Swahili and East African History.",,,,,