Person,Event,"Type of relationship (participated, created, against)",Time
Rebeka Njau,African Writers Conference,Participated,11-17 June 1962
Grace Ogot,African Writers Conference,Participated,11-17 June 1962
Ngũgĩ wa Thiong'o,African Writers Conference,Participated,11-17 June 1962
Rajat Neogy,African Writers Conference,Participated,11-17 June 1962
John Nagenda,African Writers Conference,Participated,11-17 June 1962
Okot p'Bitek,African Writers Conference,Participated,11-17 June 1962
Francis Khamisi,Conference for the Pan-African Freedom Movement for East and Central Africa,"Conference Chair, represented Mombasa African Democratic Union",September 1958
Francis Khamisi,Conference for the Pan-African Freedom Movement for East and Central Africa,"Conference Chair, represented Mombasa African Democratic Union",April 1959
Francis Khamisi,Conference for the Pan-African Freedom Movement for East and Central Africa,"Conference Chair, represented Mombasa African Democratic Union",September 1959
Julius Kiano,Conference for the Pan-African Freedom Movement for East and Central Africa,Participated (Also spoke for PAFMECA at All-African People's Cofnerence in Accra),September 1958
Tom Mboya,Conference for the Pan-African Freedom Movement for East and Central Africa,Represented Nairobi People's Convention Party,September 1958
Tom Mboya,Conference for the Pan-African Freedom Movement for East and Central Africa,Represented Nairobi People's Convention Party,September 1959
DO Makasembo (Dixon Ruoko),Conference for the Pan-African Freedom Movement for East and Central Africa,Represented District African Association,September 1958
DO Makasembo (Dixon Ruoko),Conference for the Pan-African Freedom Movement for East and Central Africa,"Represented District African Association, part of Kenya Independence Movement at Moshi",September 1959
EE Khasakhala,Conference for the Pan-African Freedom Movement for East and Central Africa,Represented Kenya National Party,September 1958
EE Khasakhala,Conference for the Pan-African Freedom Movement for East and Central Africa,Represented Kenya National Party,September 1959
EE Khasakhala,Conference for the Pan-African Freedom Movement for East and Central Africa,Represented Kenya National Party,February 1962
Kanyama Chiume,Conference for the Pan-African Freedom Movement for East and Central Africa,Represented Nyasaland African Congress,September 1958
Julius Nyerere,Conference for the Pan-African Freedom Movement for East and Central Africa,Represented Tanganyika African National Union,September 1958
Julius Nyerere,Conference for the Pan-African Freedom Movement for East and Central Africa,Represented Tanganyika African National Union,April 1959
Julius Nyerere,Conference for the Pan-African Freedom Movement for East and Central Africa,Represented Tanganyika African National Union,September 1959
Paul Bomani,Conference for the Pan-African Freedom Movement for East and Central Africa,Represented Victoria Federation fo Cooperative Union,September 1958
Rashidi Kawawa,Conference for the Pan-African Freedom Movement for East and Central Africa,Represented Tanganyika Federation of Labour,September 1958
John Rupia,Conference for the Pan-African Freedom Movement for East and Central Africa,Represented Tanganyika African National Union,September 1958
John Rupia,Conference for the Pan-African Freedom Movement for East and Central Africa,Represented Tanganyika African National Union,April 1959
John Rupia,Conference for the Pan-African Freedom Movement for East and Central Africa,Represented Tanganyika African National Union,September 1959
Bhoke Munanka,Conference for the Pan-African Freedom Movement for East and Central Africa,Represented Tanganyika African National Union,September 1958
Bhoke Munanka,Conference for the Pan-African Freedom Movement for East and Central Africa,Represented Tanganyika African National Union,September 1959
Saidi Maswanya,Conference for the Pan-African Freedom Movement for East and Central Africa,Represented Tanganyika African National Union,September 1958
MM Kamaliza,Conference for the Pan-African Freedom Movement for East and Central Africa,Represented Tanganyika Federation of Labour,September 1958
EMK Mulira,Conference for the Pan-African Freedom Movement for East and Central Africa,Represented Uganda Progressive Party,September 1958
Abeid Karume,Conference for the Pan-African Freedom Movement for East and Central Africa,Represented Afro-Shirazi Party,September 1958
Abeid Karume,Conference for the Pan-African Freedom Movement for East and Central Africa,Represented Afro-Shirazi Party,April 1959
Abeid Karume,Conference for the Pan-African Freedom Movement for East and Central Africa,Represented Afro-Shirazi Party,September 1959
Abeid Karume,Conference for the Pan-African Freedom Movement for East and Central Africa,Represented Afro-Shirazi Party,February 1962
Thabit Kombo,Conference for the Pan-African Freedom Movement for East and Central Africa,Represented Afro-Shirazi Party,September 1958
Thabit Kombo,Conference for the Pan-African Freedom Movement for East and Central Africa,Represented Afro-Shirazi Party,April 1959
Thabit Kombo,Conference for the Pan-African Freedom Movement for East and Central Africa,Represented Afro-Shirazi Party,September 1959
Issa Shariff Musa,Conference for the Pan-African Freedom Movement for East and Central Africa,Represented Afro-Shirazi Party,September 1958
Issa Shariff Musa,Conference for the Pan-African Freedom Movement for East and Central Africa,Represented Afro-Shirazi Party,April 1959
Musa Shabani,Conference for the Pan-African Freedom Movement for East and Central Africa,Represented Zanzibar Nationalist Party,September 1958
Rashidi Hamadi,Conference for the Pan-African Freedom Movement for East and Central Africa,Represented Afro-Shirazi Party,September 1958
Rashidi Hamadi,Conference for the Pan-African Freedom Movement for East and Central Africa,Represented Afro-Shirazi Party or Zanzibar Nationalist Party,April 1959
Rashidi Hamadi,Conference for the Pan-African Freedom Movement for East and Central Africa,Represented Afro-Shirazi Party or Zanzibar Nationalist Party,September 1959
A R Mohamed (Babu),Conference for the Pan-African Freedom Movement for East and Central Africa,Represented Zanzibar Nationalist Party,September 1958
A R Mohamed (Babu),Conference for the Pan-African Freedom Movement for East and Central Africa,Represented Zanzibar Nationalist Party,April 1959
A R Mohamed (Babu),Conference for the Pan-African Freedom Movement for East and Central Africa,Represented Zanzibar Nationalist Party,September 1959
A R Mohamed (Babu),Conference for the Pan-African Freedom Movement for East and Central Africa,Represented Zanzibar Nationalist Party,February 1962
Mohsin Abeid,Conference for the Pan-African Freedom Movement for East and Central Africa,Represented Zanzibar Nationalist Party,September 1958
Mohsin Abeid,Conference for the Pan-African Freedom Movement for East and Central Africa,Represented Zanzibar Nationalist Party,April 1959
Abbas Sykes,Conference for the Pan-African Freedom Movement for East and Central Africa,Represented Tanganyika African National Union,April 1959
Jeremiah Bakampenja,Conference for the Pan-African Freedom Movement for East and Central Africa,Represented Tanganyika African National Union,April 1959
Jeremiah Bakampenja,Conference for the Pan-African Freedom Movement for East and Central Africa,Represented Tanganyika African National Union,September 1959
Solomon Ali Ufu,Conference for the Pan-African Freedom Movement for East and Central Africa,Represented Tanganyika African National Union,April 1959
Sekuwe Ali,Conference for the Pan-African Freedom Movement for East and Central Africa,Represented Mombasa African Democratic Union,April 1959
Dickson Oruko Makasembo,Conference for the Pan-African Freedom Movement for East and Central Africa,Represented Kisumu National Congress,April 1959
Abdulla Mzee Khamis,Conference for the Pan-African Freedom Movement for East and Central Africa,Represented Afro-Shirazi Party,April 1959
Omari Hamadi,Conference for the Pan-African Freedom Movement for East and Central Africa,Represented Afro-Shirazi Party,April 1959
Mtumwa Borafia,Conference for the Pan-African Freedom Movement for East and Central Africa,Participated,April 1959
Bibi Titi Mohamed,Conference for the Pan-African Freedom Movement for East and Central Africa,Represented Tanganyika African National Union,September 1959
Roland Mwanjisi,Conference for the Pan-African Freedom Movement for East and Central Africa,Represented Tanganyika African National Union,September 1959
Edward Barongo,Conference for the Pan-African Freedom Movement for East and Central Africa,Represented Tanganyika African National Union,September 1959
Jeremiah Kasambala,Conference for the Pan-African Freedom Movement for East and Central Africa,Represented Tanganyika African National Union,September 1959
Sheikh Alli Muhsin Bharwani,Conference for the Pan-African Freedom Movement for East and Central Africa,Represented Zanzibar Nationalist Party,September 1959
Ali Sultan,Conference for the Pan-African Freedom Movement for East and Central Africa,Represented Zanzibar Nationalist Party,September 1959
Jamal Ramadan Nasibu,Conference for the Pan-African Freedom Movement for East and Central Africa,Represented Afro-Shirazi Party,September 1959
Ronald Ngala,Conference for the Pan-African Freedom Movement for East and Central Africa,Represented Kenya National Party,September 1959
David Itumo Kiamba,Conference for the Pan-African Freedom Movement for East and Central Africa,Represented Kenya Independence Movement,September 1959
William Malu,Conference for the Pan-African Freedom Movement for East and Central Africa,Represented Kenya Independence Movement,September 1959
William Malu,Conference for the Pan-African Freedom Movement for East and Central Africa,Represented Kenya Independence Movement,February 1962
Alfred Mingusa Akech,Conference for the Pan-African Freedom Movement for East and Central Africa,Represented Kenya Independence Movement,September 1959
James Nzau Muimi,Conference for the Pan-African Freedom Movement for East and Central Africa,Kenya National Party,September 1959
A Oloo,Conference for the Pan-African Freedom Movement for East and Central Africa,Participated (Tom Mboya's secretary),September 1959
Milton Obote,Conference for the Pan-African Freedom Movement for East and Central Africa,Represented Uganda National Congress (dissident group) ,September 1959
Abu Mayanja,Conference for the Pan-African Freedom Movement for East and Central Africa,Represented Uganda National Congress (dissident group) ,September 1959
Joseph Wasakulu,Conference for the Pan-African Freedom Movement for East and Central Africa,Represented Uganda National Congress (dissident group) ,September 1959
Benedicto Kiwanuka,Conference for the Pan-African Freedom Movement for East and Central Africa,Represented Uganda Democratic Party,September 1959
Benedicto Kiwanuka,Conference for the Pan-African Freedom Movement for East and Central Africa,Represented Uganda Democratic Party,February 1962
A Ntale,Conference for the Pan-African Freedom Movement for East and Central Africa,Represented Uganda Democratic Party,September 1959
B A Misri,Conference for the Pan-African Freedom Movement for East and Central Africa,Represented Uganda Action Group,September 1959
Shafiq Arain,Conference for the Pan-African Freedom Movement for East and Central Africa,Represented Uganda Action Group,September 1959
Andrew Assey,Conference for the Pan-African Freedom Movement for East and Central Africa,Represented Tanganyika African National Union,September 1959
M N Rattansey,Conference for the Pan-African Freedom Movement for East and Central Africa,Represented Asian Association (Tangankyika),September 1959
S Sarda,Conference for the Pan-African Freedom Movement for East and Central Africa,Represented Asian Association (Tangankyika),September 1959
C D Shah,Conference for the Pan-African Freedom Movement for East and Central Africa,Represented Asian Association (Tangankyika),September 1959
N S Patel,Conference for the Pan-African Freedom Movement for East and Central Africa,Represented Asian Association (Tangankyika),September 1959
Alibhai Bhatia,Conference for the Pan-African Freedom Movement for East and Central Africa,Represented Asian Association (Tangankyika),September 1959
Oginga Odinga,Conference for the Pan-African Freedom Movement for East and Central Africa,Participated,February 1962
Mwai Kibaki,Conference for the Pan-African Freedom Movement for East and Central Africa,Participated,February 1962
Josiah Mwangi Kariuki,Conference for the Pan-African Freedom Movement for East and Central Africa,Observer,February 1962
Mbiyu Koinange,Conference for the Pan-African Freedom Movement for East and Central Africa,Secretary General,February 1962
M A Masswanya,Conference for the Pan-African Freedom Movement for East and Central Africa,Participated,February 1962
John Kakonge,Conference for the Pan-African Freedom Movement for East and Central Africa,Represented Uganda Peoples Congress,February 1962
B N Kununka,Conference for the Pan-African Freedom Movement for East and Central Africa,Represented Uganda National Congress,February 1962
A Senyoga,Conference for the Pan-African Freedom Movement for East and Central Africa,Represented Uganda National Congress,February 1962
S S Kigonya,Conference for the Pan-African Freedom Movement for East and Central Africa,Uganda Democratic Party,February 1962
O Shariff,Conference for the Pan-African Freedom Movement for East and Central Africa,Represented Afro-Shirazi Party,February 1962
A K Hanga,Conference for the Pan-African Freedom Movement for East and Central Africa,Represented Afro-Shirazi Party,February 1962
Amani Thani,Conference for the Pan-African Freedom Movement for East and Central Africa,Represented Afro-Shirazi Party,February 1962
Oscar Kambona,All African Peoples Conference (Ghana),Represented TANU,December 1958
Abbas Sykes,All African Peoples Conference (Ghana),Represented TANU,December 1958
Joseph Murumbi,All African Peoples Conference (Ghana),Nairobi Peoples Convention Party,December 1958
Michael Kamaliza,All African Peoples Conference (Ghana),TFL?,December 1958
Lennox Gondae,All African Peoples Conference (Ghana),TFL?,December 1958
James Kirua Wamatu,All African Peoples Conference (Ghana),"Kenya African Anti Colonial Movement, Khartoum",December 1958
Joni Kamwithi Munyi,All African Peoples Conference (Ghana),"Kenya African Anti Colonial Movement, Khartoum",December 1958
Arthur Ochwada,All African Peoples Conference (Ghana),KFL,December 1958
A.Z. Nailo Swai,All African Peoples Conference (Ghana),PAFMECA,December 1958
Masinde Muliro,All African Peoples Conference (Ghana),Kenya National Party,December 1958
James Ochwata,All African Peoples Conference (Ghana),KFL,December 1958
Tom Mboya,All African Peoples Conference (Ghana),Nairobi Peoples Convention Party,December 1958
Ezekiel Mphahele,All African Peoples Conference (Ghana),ANC,December 1958
J.K. Kale,All African Peoples Conference (Ghana),Uganda National Congress,December 1958
Abu Mayaase,All African Peoples Conference (Ghana),Uganda National Congress,December 1958
Abu Mayansa,All African Peoples Conference (Ghana),Uganda National Congress,December 1958
B.N. Kununka,All African Peoples Conference (Ghana),Uganda National Congress,December 1958
Milton Obote,All African Peoples Conference (Ghana),Uganda National Congress,December 1958
Y Kirya,All African Peoples Conference (Ghana),Uganda National Congress,December 1958
J.M.B. Why'anka,All African Peoples Conference (Ghana),TANU,December 1958
S.S. Chamsahsa,All African Peoples Conference (Ghana),TANU,December 1958
Ali Nuhsin,All African Peoples Conference (Ghana),Zanzibar Nationalist Party,December 1958
Abeid Karume,All African Peoples Conference (Ghana),Afro Shirazi Party,December 1958
Joseph Mathenge,All African Peoples Conference (Ghana),Nairobi Peoples Convention Party,December 1958
Peter Mbiyu Koinange,All African Peoples Conference (Ghana),Nairobi Peoples Convention Party,December 1958
J.N. Muimi,All African Peoples Conference (Ghana),African Elected Members Organisation (Kenya),December 1958
Julius Kiano,All African Peoples Conference (Ghana),TANU (but Kenya),December 1958